Workbook

Sheet Enriched_PowerBI_Feed
A1: Sl no | B1: Invoice Date | C1: Invoice Year | D1: FY (India, Apr-Mar) | E1: Quarter | F1: Month Name | G1: Weekday | H1: Status | I1: First Capture Mode | J1: Source | K1: Channel Type | L1: Model | M1: Segment | N1: Fuel Type | O1: Assumed Price (INR) | P1: Assumed CAC (INR)
A2: =Raw_Data!A2 -> 1 | B2: =Raw_Data!B2 -> 44566.577 | C2: =YEAR(Raw_Data!B2) -> 2022 | D2: =IF(MONTH(Raw_Data!B2)>=4,YEAR(Raw_Data!B2)&"-"&RIGHT(YEAR(Raw_Data!B2)+1,2),YEAR(Raw_Data!B2)-1&"-"&RIGHT(YEAR(Raw_Data!B2),2)) -> 2021-22 | E2: ="Q"&ROUNDUP(MONTH(Raw_Data!B2)/3,0) -> Q1 | F2: =TEXT(Raw_Data!B2,"mmm") -> Jan | G2: =TEXT(Raw_Data!B2,"ddd") -> Wed | H2: =Raw_Data!D2 -> Invoiced | I2: =Raw_Data!F2 -> Tele-in | J2: =Raw_Data!G2 -> Dealer Webpage Tele-In | K2: =IFERROR(VLOOKUP(J2,Source_Assumptions!$A:$C,2,0),"Unmapped") -> Digital - Owned | L2: =Raw_Data!H2 -> JAZZ PE | M2: =IFERROR(VLOOKUP(L2,Model_Assumptions!$A:$D,2,0),"Unmapped") -> Hatchback | N2: =IFERROR(VLOOKUP(L2,Model_Assumptions!$A:$D,3,0),"Unmapped") -> Petrol | O2: =IFERROR(VLOOKUP(L2,Model_Assumptions!$A:$D,4,0),0) -> 800000 | P2: =IFERROR(VLOOKUP(J2,Source_Assumptions!$A:$C,3,0),0) -> 300
A3: =Raw_Data!A3 -> 2 | B3: =Raw_Data!B3 -> 44572.411 | C3: =YEAR(Raw_Data!B3) -> 2022 | D3: =IF(MONTH(Raw_Data!B3)>=4,YEAR(Raw_Data!B3)&"-"&RIGHT(YEAR(Raw_Data!B3)+1,2),YEAR(Raw_Data!B3)-1&"-"&RIGHT(YEAR(Raw_Data!B3),2)) -> 2021-22 | E3: ="Q"&ROUNDUP(MONTH(Raw_Data!B3)/3,0) -> Q1 | F3: =TEXT(Raw_Data!B3,"mmm") -> Jan | G3: =TEXT(Raw_Data!B3,"ddd") -> Tue | H3: =Raw_Data!D3 -> Invoiced | I3: =Raw_Data!F3 -> SMS/ Tele-Out | J3: =Raw_Data!G3 -> Database Activity(Teleout/SMS) | K3: =IFERROR(VLOOKUP(J3,Source_Assumptions!$A:$C,2,0),"Unmapped") -> Outbound/Database | L3: =Raw_Data!H3 -> 5TH GEN CITY PE | M3: =IFERROR(VLOOKUP(L3,Model_Assumptions!$A:$D,2,0),"Unmapped") -> Mid-size Sedan | N3: =IFERROR(VLOOKUP(L3,Model_Assumptions!$A:$D,3,0),"Unmapped") -> Petrol | O3: =IFERROR(VLOOKUP(L3,Model_Assumptions!$A:$D,4,0),0) -> 1250000 | P3: =IFERROR(VLOOKUP(J3,Source_Assumptions!$A:$C,3,0),0) -> 250
A4: =Raw_Data!A4 -> 3 | B4: =Raw_Data!B4 -> 44575.496 | C4: =YEAR(Raw_Data!B4) -> 2022 | D4: =IF(MONTH(Raw_Data!B4)>=4,YEAR(Raw_Data!B4)&"-"&RIGHT(YEAR(Raw_Data!B4)+1,2),YEAR(Raw_Data!B4)-1&"-"&RIGHT(YEAR(Raw_Data!B4),2)) -> 2021-22 | E4: ="Q"&ROUNDUP(MONTH(Raw_Data!B4)/3,0) -> Q1 | F4: =TEXT(Raw_Data!B4,"mmm") -> Jan | G4: =TEXT(Raw_Data!B4,"ddd") -> Fri | H4: =Raw_Data!D4 -> Invoiced | I4: =Raw_Data!F4 -> Tele-in | J4: =Raw_Data!G4 -> Referral-CAM | K4: =IFERROR(VLOOKUP(J4,Source_Assumptions!$A:$C,2,0),"Unmapped") -> Referral | L4: =Raw_Data!H4 -> AMAZE Petrol | M4: =IFERROR(VLOOKUP(L4,Model_Assumptions!$A:$D,2,0),"Unmapped") -> Sub-4m Sedan | N4: =IFERROR(VLOOKUP(L4,Model_Assumptions!$A:$D,3,0),"Unmapped") -> Petrol | O4: =IFERROR(VLOOKUP(L4,Model_Assumptions!$A:$D,4,0),0) -> 850000 | P4: =IFERROR(VLOOKUP(J4,Source_Assumptions!$A:$C,3,0),0) -> 150
A5: =Raw_Data!A5 -> 4 | B5: =Raw_Data!B5 -> 44576.495 | C5: =YEAR(Raw_Data!B5) -> 2022 | D5: =IF(MONTH(Raw_Data!B5)>=4,YEAR(Raw_Data!B5)&"-"&RIGHT(YEAR(Raw_Data!B5)+1,2),YEAR(Raw_Data!B5)-1&"-"&RIGHT(YEAR(Raw_Data!B5),2)) -> 2021-22 | E5: ="Q"&ROUNDUP(MONTH(Raw_Data!B5)/3,0) -> Q1 | F5: =TEXT(Raw_Data!B5,"mmm") -> Jan | G5: =TEXT(Raw_Data!B5,"ddd") -> Sat | H5: =Raw_Data!D5 -> Invoiced | I5: =Raw_Data!F5 -> Walk-in Showroom | J5: =Raw_Data!G5 -> Adver. (TVC/Print/Hoarding/FM) | K5: =IFERROR(VLOOKUP(J5,Source_Assumptions!$A:$C,2,0),"Unmapped") -> Traditional Advertising | L5: =Raw_Data!H5 -> AMAZE Petrol | M5: =IFERROR(VLOOKUP(L5,Model_Assumptions!$A:$D,2,0),"Unmapped") -> Sub-4m Sedan | N5: =IFERROR(VLOOKUP(L5,Model_Assumptions!$A:$D,3,0),"Unmapped") -> Petrol | O5: =IFERROR(VLOOKUP(L5,Model_Assumptions!$A:$D,4,0),0) -> 850000 | P5: =IFERROR(VLOOKUP(J5,Source_Assumptions!$A:$C,3,0),0) -> 1200
A6: =Raw_Data!A6 -> 5 | B6: =Raw_Data!B6 -> 44576.577 | C6: =YEAR(Raw_Data!B6) -> 2022 | D6: =IF(MONTH(Raw_Data!B6)>=4,YEAR(Raw_Data!B6)&"-"&RIGHT(YEAR(Raw_Data!B6)+1,2),YEAR(Raw_Data!B6)-1&"-"&RIGHT(YEAR(Raw_Data!B6),2)) -> 2021-22 | E6: ="Q"&ROUNDUP(MONTH(Raw_Data!B6)/3,0) -> Q1 | F6: =TEXT(Raw_Data!B6,"mmm") -> Jan | G6: =TEXT(Raw_Data!B6,"ddd") -> Sat | H6: =Raw_Data!D6 -> Invoiced | I6: =Raw_Data!F6 -> Walk-in Showroom | J6: =Raw_Data!G6 -> Adver. (TVC/Print/Hoarding/FM) | K6: =IFERROR(VLOOKUP(J6,Source_Assumptions!$A:$C,2,0),"Unmapped") -> Traditional Advertising | L6: =Raw_Data!H6 -> AMAZE Petrol | M6: =IFERROR(VLOOKUP(L6,Model_Assumptions!$A:$D,2,0),"Unmapped") -> Sub-4m Sedan | N6: =IFERROR(VLOOKUP(L6,Model_Assumptions!$A:$D,3,0),"Unmapped") -> Petrol | O6: =IFERROR(VLOOKUP(L6,Model_Assumptions!$A:$D,4,0),0) -> 850000 | P6: =IFERROR(VLOOKUP(J6,Source_Assumptions!$A:$C,3,0),0) -> 1200
A7: =Raw_Data!A7 -> 6 | B7: =Raw_Data!B7 -> 44576.652 | C7: =YEAR(Raw_Data!B7) -> 2022 | D7: =IF(MONTH(Raw_Data!B7)>=4,YEAR(Raw_Data!B7)&"-"&RIGHT(YEAR(Raw_Data!B7)+1,2),YEAR(Raw_Data!B7)-1&"-"&RIGHT(YEAR(Raw_Data!B7),2)) -> 2021-22 | E7: ="Q"&ROUNDUP(MONTH(Raw_Data!B7)/3,0) -> Q1 | F7: =TEXT(Raw_Data!B7,"mmm") -> Jan | G7: =TEXT(Raw_Data!B7,"ddd") -> Sat | H7: =Raw_Data!D7 -> Invoiced | I7: =Raw_Data!F7 -> Walk-in Showroom | J7: =Raw_Data!G7 -> Adver. (TVC/Print/Hoarding/FM) | K7: =IFERROR(VLOOKUP(J7,Source_Assumptions!$A:$C,2,0),"Unmapped") -> Traditional Advertising | L7: =Raw_Data!H7 -> 5TH GEN CITY PE | M7: =IFERROR(VLOOKUP(L7,Model_Assumptions!$A:$D,2,0),"Unmapped") -> Mid-size Sedan | N7: =IFERROR(VLOOKUP(L7,Model_Assumptions!$A:$D,3,0),"Unmapped") -> Petrol | O7: =IFERROR(VLOOKUP(L7,Model_Assumptions!$A:$D,4,0),0) -> 1250000 | P7: =IFERROR(VLOOKUP(J7,Source_Assumptions!$A:$C,3,0),0) -> 1200
A8: =Raw_Data!A8 -> 7 | B8: =Raw_Data!B8 -> 44576.663 | C8: =YEAR(Raw_Data!B8) -> 2022 | D8: =IF(MONTH(Raw_Data!B8)>=4,YEAR(Raw_Data!B8)&"-"&RIGHT(YEAR(Raw_Data!B8)+1,2),YEAR(Raw_Data!B8)-1&"-"&RIGHT(YEAR(Raw_Data!B8),2)) -> 2021-22 | E8: ="Q"&ROUNDUP(MONTH(Raw_Data!B8)/3,0) -> Q1 | F8: =TEXT(Raw_Data!B8,"mmm") -> Jan | G8: =TEXT(Raw_Data!B8,"ddd") -> Sat | H8: =Raw_Data!D8 -> Invoiced | I8: =Raw_Data!F8 -> Tele-in | J8: =Raw_Data!G8 -> Dealer Webpage Tele-In | K8: =IFERROR(VLOOKUP(J8,Source_Assumptions!$A:$C,2,0),"Unmapped") -> Digital - Owned | L8: =Raw_Data!H8 -> AMAZE Petrol | M8: =IFERROR(VLOOKUP(L8,Model_Assumptions!$A:$D,2,0),"Unmapped") -> Sub-4m Sedan | N8: =IFERROR(VLOOKUP(L8,Model_Assumptions!$A:$D,3,0),"Unmapped") -> Petrol | O8: =IFERROR(VLOOKUP(L8,Model_Assumptions!$A:$D,4,0),0) -> 850000 | P8: =IFERROR(VLOOKUP(J8,Source_Assumptions!$A:$C,3,0),0) -> 300
A9: =Raw_Data!A9 -> 8 | B9: =Raw_Data!B9 -> 44578.748 | C9: =YEAR(Raw_Data!B9) -> 2022 | D9: =IF(MONTH(Raw_Data!B9)>=4,YEAR(Raw_Data!B9)&"-"&RIGHT(YEAR(Raw_Data!B9)+1,2),YEAR(Raw_Data!B9)-1&"-"&RIGHT(YEAR(Raw_Data!B9),2)) -> 2021-22 | E9: ="Q"&ROUNDUP(MONTH(Raw_Data!B9)/3,0) -> Q1 | F9: =TEXT(Raw_Data!B9,"mmm") -> Jan | G9: =TEXT(Raw_Data!B9,"ddd") -> Mon | H9: =Raw_Data!D9 -> Invoiced | I9: =Raw_Data!F9 -> Tele-in | J9: =Raw_Data!G9 -> Dealer Webpage Tele-In | K9: =IFERROR(VLOOKUP(J9,Source_Assumptions!$A:$C,2,0),"Unmapped") -> Digital - Owned | L9: =Raw_Data!H9 -> AMAZE Petrol | M9: =IFERROR(VLOOKUP(L9,Model_Assumptions!$A:$D,2,0),"Unmapped") -> Sub-4m Sedan | N9: =IFERROR(VLOOKUP(L9,Model_Assumptions!$A:$D,3,0),"Unmapped") -> Petrol | O9: =IFERROR(VLOOKUP(L9,Model_Assumptions!$A:$D,4,0),0) -> 850000 | P9: =IFERROR(VLOOKUP(J9,Source_Assumptions!$A:$C,3,0),0) -> 300
A10: =Raw_Data!A10 -> 9 | B10: =Raw_Data!B10 -> 44579.602 | C10: =YEAR(Raw_Data!B10) -> 2022 | D10: =IF(MONTH(Raw_Data!B10)>=4,YEAR(Raw_Data!B10)&"-"&RIGHT(YEAR(Raw_Data!B10)+1,2),YEAR(Raw_Data!B10)-1&"-"&RIGHT(YEAR(Raw_Data!B10),2)) -> 2021-22 | E10: ="Q"&ROUNDUP(MONTH(Raw_Data!B10)/3,0) -> Q1 | F10: =TEXT(Raw_Data!B10,"mmm") -> Jan | G10: =TEXT(Raw_Data!B10,"ddd") -> Tue | H10: =Raw_Data!D10 -> Invoiced | I10: =Raw_Data!F10 -> Tele-in | J10: =Raw_Data!G10 -> Referral-CAM | K10: =IFERROR(VLOOKUP(J10,Source_Assumptions!$A:$C,2,0),"Unmapped") -> Referral | L10: =Raw_Data!H10 -> AMAZE Petrol | M10: =IFERROR(VLOOKUP(L10,Model_Assumptions!$A:$D,2,0),"Unmapped") -> Sub-4m Sedan | N10: =IFERROR(VLOOKUP(L10,Model_Assumptions!$A:$D,3,0),"Unmapped") -> Petrol | O10: =IFERROR(VLOOKUP(L10,Model_Assumptions!$A:$D,4,0),0) -> 850000 | P10: =IFERROR(VLOOKUP(J10,Source_Assumptions!$A:$C,3,0),0) -> 150
A11: =Raw_Data!A11 -> 10 | B11: =Raw_Data!B11 -> 44579.608 | C11: =YEAR(Raw_Data!B11) -> 2022 | D11: =IF(MONTH(Raw_Data!B11)>=4,YEAR(Raw_Data!B11)&"-"&RIGHT(YEAR(Raw_Data!B11)+1,2),YEAR(Raw_Data!B11)-1&"-"&RIGHT(YEAR(Raw_Data!B11),2)) -> 2021-22 | E11: ="Q"&ROUNDUP(MONTH(Raw_Data!B11)/3,0) -> Q1 | F11: =TEXT(Raw_Data!B11,"mmm") -> Jan | G11: =TEXT(Raw_Data!B11,"ddd") -> Tue | H11: =Raw_Data!D11 -> Invoiced | I11: =Raw_Data!F11 -> Web Lead | J11: =Raw_Data!G11 -> Web_Facebook | K11: =IFERROR(VLOOKUP(J11,Source_Assumptions!$A:$C,2,0),"Unmapped") -> Digital - Paid Social | L11: =Raw_Data!H11 -> 5TH GEN CITY PE | M11: =IFERROR(VLOOKUP(L11,Model_Assumptions!$A:$D,2,0),"Unmapped") -> Mid-size Sedan | N11: =IFERROR(VLOOKUP(L11,Model_Assumptions!$A:$D,3,0),"Unmapped") -> Petrol | O11: =IFERROR(VLOOKUP(L11,Model_Assumptions!$A:$D,4,0),0) -> 1250000 | P11: =IFERROR(VLOOKUP(J11,Source_Assumptions!$A:$C,3,0),0) -> 600
A12: =Raw_Data!A12 -> 11 | B12: =Raw_Data!B12 -> 44579.613 | C12: =YEAR(Raw_Data!B12) -> 2022 | D12: =IF(MONTH(Raw_Data!B12)>=4,YEAR(Raw_Data!B12)&"-"&RIGHT(YEAR(Raw_Data!B12)+1,2),YEAR(Raw_Data!B12)-1&"-"&RIGHT(YEAR(Raw_Data!B12),2)) -> 2021-22 | E12: ="Q"&ROUNDUP(MONTH(Raw_Data!B12)/3,0) -> Q1 | F12: =TEXT(Raw_Data!B12,"mmm") -> Jan | G12: =TEXT(Raw_Data!B12,"ddd") -> Tue | H12: =Raw_Data!D12 -> Invoiced | I12: =Raw_Data!F12 -> Tele-in | J12: =Raw_Data!G12 -> Referral-CAM | K12: =IFERROR(VLOOKUP(J12,Source_Assumptions!$A:$C,2,0),"Unmapped") -> Referral | L12: =Raw_Data!H12 -> 5TH GEN CITY PE | M12: =IFERROR(VLOOKUP(L12,Model_Assumptions!$A:$D,2,0),"Unmapped") -> Mid-size Sedan | N12: =IFERROR(VLOOKUP(L12,Model_Assumptions!$A:$D,3,0),"Unmapped") -> Petrol | O12: =IFERROR(VLOOKUP(L12,Model_Assumptions!$A:$D,4,0),0) -> 1250000 | P12: =IFERROR(VLOOKUP(J12,Source_Assumptions!$A:$C,3,0),0) -> 150
A13: =Raw_Data!A13 -> 12 | B13: =Raw_Data!B13 -> 44579.642 | C13: =YEAR(Raw_Data!B13) -> 2022 | D13: =IF(MONTH(Raw_Data!B13)>=4,YEAR(Raw_Data!B13)&"-"&RIGHT(YEAR(Raw_Data!B13)+1,2),YEAR(Raw_Data!B13)-1&"-"&RIGHT(YEAR(Raw_Data!B13),2)) -> 2021-22 | E13: ="Q"&ROUNDUP(MONTH(Raw_Data!B13)/3,0) -> Q1 | F13: =TEXT(Raw_Data!B13,"mmm") -> Jan | G13: =TEXT(Raw_Data!B13,"ddd") -> Tue | H13: =Raw_Data!D13 -> Invoiced | I13: =Raw_Data!F13 -> Tele-in | J13: =Raw_Data!G13 -> Referral-CAM | K13: =IFERROR(VLOOKUP(J13,Source_Assumptions!$A:$C,2,0),"Unmapped") -> Referral | L13: =Raw_Data!H13 -> 5TH GEN CITY PE | M13: =IFERROR(VLOOKUP(L13,Model_Assumptions!$A:$D,2,0),"Unmapped") -> Mid-size Sedan | N13: =IFERROR(VLOOKUP(L13,Model_Assumptions!$A:$D,3,0),"Unmapped") -> Petrol | O13: =IFERROR(VLOOKUP(L13,Model_Assumptions!$A:$D,4,0),0) -> 1250000 | P13: =IFERROR(VLOOKUP(J13,Source_Assumptions!$A:$C,3,0),0) -> 150
... A1408: =Raw_Data!A1408 -> 1407 | B1408: =Raw_Data!B1408 -> 45745 | C1408: =YEAR(Raw_Data!B1408) -> 2025 | D1408: =IF(MONTH(Raw_Data!B1408)>=4,YEAR(Raw_Data!B1408)&"-"&RIGHT(YEAR(Raw_Data!B1408)+1,2),YEAR(Raw_Data!B1408)-1&"-"&RIGHT(YEAR(Raw_Data!B1408),2)) -> 2024-25 | E1408: ="Q"&ROUNDUP(MONTH(Raw_Data!B1408)/3,0) -> Q1 | F1408: =TEXT(Raw_Data!B1408,"mmm") -> Mar | G1408: =TEXT(Raw_Data!B1408,"ddd") -> Sat | H1408: =Raw_Data!D1408 -> Invoiced | I1408: =Raw_Data!F1408 -> Web Lead | J1408: =Raw_Data!G1408 -> Web_Organic | K1408: =IFERROR(VLOOKUP(J1408,Source_Assumptions!$A:$C,2,0),"Unmapped") -> Digital - Organic | L1408: =Raw_Data!H1408 -> 5TH GEN CITY PE | M1408: =IFERROR(VLOOKUP(L1408,Model_Assumptions!$A:$D,2,0),"Unmapped") -> Mid-size Sedan | N1408: =IFERROR(VLOOKUP(L1408,Model_Assumptions!$A:$D,3,0),"Unmapped") -> Petrol | O1408: =IFERROR(VLOOKUP(L1408,Model_Assumptions!$A:$D,4,0),0) -> 1250000 | P1408: =IFERROR(VLOOKUP(J1408,Source_Assumptions!$A:$C,3,0),0) -> 100

Sheet Raw_Data
A1: Sl no | B1: Invoice Date | C1: Month | D1: Status | E1: Enquiry Id | F1: First Capture Mode | G1: Source | H1: Model
A2: 1 | B2: 44566.577 | C2: 44562 | D2: Invoiced | E2: 61cd61b0b36e3e6da58dae29 | F2: Tele-in | G2: Dealer Webpage Tele-In | H2: JAZZ PE
A3: 2 | B3: 44572.411 | C3: 44562 | D3: Invoiced | E3: 618b6718b36e3e1ef7f51e8b | F3: SMS/ Tele-Out | G3: Database Activity(Teleout/SMS) | H3: 5TH GEN CITY PE
A4: 3 | B4: 44575.496 | C4: 44562 | D4: Invoiced | E4: 619dfd9eb36e3e708f417e2d | F4: Tele-in | G4: Referral-CAM | H4: AMAZE Petrol
A5: 4 | B5: 44576.495 | C5: 44562 | D5: Invoiced | E5: 61de7890b36e3e6da59a395b | F5: Walk-in Showroom | G5: Adver. (TVC/Print/Hoarding/FM) | H5: AMAZE Petrol
A6: 5 | B6: 44576.577 | C6: 44562 | D6: Invoiced | E6: 61d2ef80b36e3e6da5916176 | F6: Walk-in Showroom | G6: Adver. (TVC/Print/Hoarding/FM) | H6: AMAZE Petrol
A7: 6 | B7: 44576.652 | C7: 44562 | D7: Invoiced | E7: 61d28748b36e3e6da59079d9 | F7: Walk-in Showroom | G7: Adver. (TVC/Print/Hoarding/FM) | H7: 5TH GEN CITY PE
A8: 7 | B8: 44576.663 | C8: 44562 | D8: Invoiced | E8: 61e277dbb36e3e6da59d4b7f | F8: Tele-in | G8: Dealer Webpage Tele-In | H8: AMAZE Petrol
A9: 8 | B9: 44578.748 | C9: 44562 | D9: Invoiced | E9: 619366d4b36e3e1ef7fb8f67 | F9: Tele-in | G9: Dealer Webpage Tele-In | H9: AMAZE Petrol
A10: 9 | B10: 44579.602 | C10: 44562 | D10: Invoiced | E10: 61adc4f8b36e3e708f4ea5f1 | F10: Tele-in | G10: Referral-CAM | H10: AMAZE Petrol
A11: 10 | B11: 44579.608 | C11: 44562 | D11: Invoiced | E11: 61deafdeb36e3e6da59aada8 | F11: Web Lead | G11: Web_Facebook | H11: 5TH GEN CITY PE
A12: 11 | B12: 44579.613 | C12: 44562 | D12: Invoiced | E12: 61dba79eb36e3e6da597792f | F12: Tele-in | G12: Referral-CAM | H12: 5TH GEN CITY PE
A13: 12 | B13: 44579.642 | C13: 44562 | D13: Invoiced | E13: 618664aab36e3e1ef7f21006 | F13: Tele-in | G13: Referral-CAM | H13: 5TH GEN CITY PE
... A1408: 1407 | B1408: 45745 | C1408: 45717 | D1408: Invoiced | E1408: 6798c212b36e3e74a149b5c8 | F1408: Web Lead | G1408: Web_Organic | H1408: 5TH GEN CITY PE

Sheet Model_Assumptions
A1: Model | B1: Segment | C1: Fuel Type | D1: Assumed Avg Ex-Showroom Price (INR)
A2: AMAZE Petrol | B2: Sub-4m Sedan | C2: Petrol | D2: 850000
A3: AMAZE-PE | B3: Sub-4m Sedan | C3: Petrol | D3: 850000
A4: New Amaze 3G | B4: Sub-4m Sedan | C4: Petrol | D4: 950000
A5: AMAZE Diesel | B5: Sub-4m Sedan | C5: Diesel | D5: 950000
A6: 5TH GEN CITY PE | B6: Mid-size Sedan | C6: Petrol | D6: 1250000
A7: 5TH GEN CITY DE | B7: Mid-size Sedan | C7: Diesel | D7: 1350000
A8: 5TH GEN CITY e:HEV | B8: Mid-size Sedan | C8: Hybrid | D8: 1950000
A9: CITY PE | B9: Mid-size Sedan | C9: Petrol | D9: 1100000
A10: ELEVATE | B10: Compact SUV | C10: Petrol | D10: 1300000
A11: JAZZ PE | B11: Hatchback | C11: Petrol | D11: 800000
A12: WR-V PE | B12: Compact SUV | C12: Petrol | D12: 950000
A13: WR-V DE | B13: Compact SUV | C13: Diesel | D13: 1050000
A15: NOTE: Prices are illustrative averages built from public ex-showroom listings (CarWale/Autocar/CarLelo, 2022-2025 range). Replace with actual dealer invoice values if available for full accuracy.

Sheet Source_Assumptions
A1: Source | B1: Channel Type | C1: Assumed CAC per Lead (INR) [EDIT ME]
A2: Dealer Webpage Tele-In | B2: Digital - Owned | C2: 300
A3: Referral-CAM | B3: Referral | C3: 150
A4: Adver. (TVC/Print/Hoarding/FM) | B4: Traditional Advertising | C4: 1200
A5: Database Activity(Teleout/SMS) | B5: Outbound/Database | C5: 250
A6: Web | B6: Digital - Owned | C6: 300
A7: I-BAP Referral | B7: Referral (Insurance/Banking Partner) | C7: 150
A8: Web_Organic | B8: Digital - Organic | C8: 100
A9: I-BAP Self | B9: Referral (Insurance/Banking Partner) | C9: 100
A10: Referral (HC/HBLP) | B10: Referral (Happy Customer) | C10: 100
A11: Web_Facebook | B11: Digital - Paid Social | C11: 600
A12: Web_CarDekho | B12: Digital - Aggregator (Paid) | C12: 900
A13: UIO Re-purchase | B13: Existing Customer | C13: 50
... A23: Missed Call | B23: Outbound/Database | C23: 150
A25: NOTE: CAC values are placeholder assumptions for a what-if ROI simulation. Replace column C with real marketing spend / lead volume by channel from dealership records for an accurate ROI model.
